{
  "cli": {
    "version": ">= 16.17.4",
    "appVersionSource": "remote"
  },
  "build": {
    "development": {
      "developmentClient": true,
      "distribution": "internal",
      "env": {
        "EXPO_NO_PROMPT": "true"
      }
    },
    "preview": {
      "distribution": "internal",
      "env": {
        "EXPO_NO_PROMPT": "true"
      }
    },
    "production": {
      "autoIncrement": true,
      "env": {
        "EXPO_NO_PROMPT": "true"
      }
    }
  },
  "submit": {
    "production": {}
  }
}
